{"cameraMode":{"drawMode":0,"name":"Shaded","section":"Shading Mode"},"sceneLighting":false,"audioPlay":false,"sceneViewState":{"showFog":true,"showMaterialUpdate":false,"showSkybox":true,"showFlares":true,"showImageEffects":true,"showParticleSystems":true},"in2DMode":false,"pivot":{"x":22.43199920654297,"y":3.3641369342803957,"z":81.4322280883789},"rotation":{"x":-0.27914145588874819,"y":-0.0008714927826076746,"z":0.0002538894477766007,"w":-0.9602569341659546},"size":2.7507224082946779,"orthographic":true}