{"cameraMode":{"drawMode":0,"name":"Shaded","section":"Shading Mode"},"sceneLighting":false,"audioPlay":false,"sceneViewState":{"showFog":true,"showMaterialUpdate":false,"showSkybox":true,"showFlares":true,"showImageEffects":true,"showParticleSystems":true},"in2DMode":false,"pivot":{"x":-11.913506507873536,"y":1.8498010635375977,"z":39.077720642089847},"rotation":{"x":0.17927908897399903,"y":-0.6255566477775574,"z":0.1506984531879425,"w":0.7441968321800232},"size":1.1777889728546143,"orthographic":true}