{"cameraMode":{"drawMode":0,"name":"Shaded","section":"Shading Mode"},"sceneLighting":false,"audioPlay":false,"sceneViewState":{"showFog":true,"showMaterialUpdate":false,"showSkybox":true,"showFlares":true,"showImageEffects":true,"showParticleSystems":true},"in2DMode":false,"pivot":{"x":0.0,"y":0.15999998152256013,"z":1.149999976158142},"rotation":{"x":0.00375356269069016,"y":-0.7801312208175659,"z":0.004680846352130175,"w":0.625586986541748},"size":2.8578836917877199,"orthographic":false}