{"cameraMode":{"drawMode":0,"name":"Shaded","section":"Shading Mode"},"sceneLighting":false,"audioPlay":false,"sceneViewState":{"showFog":true,"showMaterialUpdate":false,"showSkybox":true,"showFlares":true,"showImageEffects":true,"showParticleSystems":true},"in2DMode":false,"pivot":{"x":-11.989999771118164,"y":2.7699999809265138,"z":38.95000076293945},"rotation":{"x":0.4327656030654907,"y":0.16603410243988038,"z":-0.08143555372953415,"w":0.8823363184928894},"size":4.041658401489258,"orthographic":false}