{"cameraMode":{"drawMode":0,"name":"Shaded","section":"Shading Mode"},"sceneLighting":true,"audioPlay":false,"sceneViewState":{"showFog":true,"showMaterialUpdate":false,"showSkybox":true,"showFlares":true,"showImageEffects":true,"showParticleSystems":true},"in2DMode":false,"pivot":{"x":22.440366744995118,"y":3.1149885654449465,"z":80.45539855957031},"rotation":{"x":-0.15038594603538514,"y":0.5966566801071167,"z":-0.1150551587343216,"w":-0.7798438668251038},"size":2.8408639430999758,"orthographic":true}