{"cameraMode":{"drawMode":0,"name":"Shaded","section":"Shading Mode"},"sceneLighting":false,"audioPlay":false,"sceneViewState":{"showFog":true,"showMaterialUpdate":false,"showSkybox":true,"showFlares":true,"showImageEffects":true,"showParticleSystems":true},"in2DMode":false,"pivot":{"x":26.66922378540039,"y":-6.434728145599365,"z":284.674560546875},"rotation":{"x":-0.3752906620502472,"y":0.22110214829444886,"z":-0.0926719531416893,"w":-0.895378589630127},"size":2.9955039024353029,"orthographic":true}