{"cameraMode":{"drawMode":0,"name":"Shaded","section":"Shading Mode"},"sceneLighting":true,"audioPlay":false,"sceneViewState":{"showFog":true,"showMaterialUpdate":false,"showSkybox":true,"showFlares":true,"showImageEffects":true,"showParticleSystems":true},"in2DMode":false,"pivot":{"x":-9.849529266357422,"y":2.261446952819824,"z":39.02193832397461},"rotation":{"x":-0.2825676202774048,"y":-0.3140718340873718,"z":0.09851004183292389,"w":-0.9010231494903565},"size":2.1013705730438234,"orthographic":true}