{"cameraMode":{"drawMode":0,"name":"Shaded","section":"Shading Mode"},"sceneLighting":false,"audioPlay":false,"sceneViewState":{"showFog":true,"showMaterialUpdate":false,"showSkybox":true,"showFlares":true,"showImageEffects":true,"showParticleSystems":true},"in2DMode":false,"pivot":{"x":29.28285789489746,"y":2.8333725929260256,"z":65.2563705444336},"rotation":{"x":-0.041087567806243899,"y":0.9480894207954407,"z":-0.28395503759384158,"w":-0.13718965649604798},"size":3.299535036087036,"orthographic":false}