{"cameraMode":{"drawMode":0,"name":"Shaded","section":"Shading Mode"},"sceneLighting":false,"audioPlay":false,"sceneViewState":{"showFog":true,"showMaterialUpdate":false,"showSkybox":true,"showFlares":true,"showImageEffects":true,"showParticleSystems":true},"in2DMode":false,"pivot":{"x":122.21807098388672,"y":6.292126655578613,"z":-234.52151489257813},"rotation":{"x":-0.051506396383047107,"y":0.8023223280906677,"z":-0.06997871398925781,"w":-0.5905331373214722},"size":2.8578836917877199,"orthographic":false}