{"cameraMode":{"drawMode":0,"name":"Shaded","section":"Shading Mode"},"sceneLighting":true,"audioPlay":false,"sceneViewState":{"showFog":true,"showMaterialUpdate":false,"showSkybox":true,"showFlares":true,"showImageEffects":true,"showParticleSystems":true},"in2DMode":false,"pivot":{"x":4.418449401855469,"y":2.6842188835144045,"z":28.839710235595704},"rotation":{"x":0.31698185205459597,"y":0.34308114647865298,"z":-0.12422402203083039,"w":0.8754407167434692},"size":1465.9102783203125,"orthographic":true}