{"cameraMode":{"drawMode":0,"name":"Shaded","section":"Shading Mode"},"sceneLighting":false,"audioPlay":false,"sceneViewState":{"showFog":true,"showMaterialUpdate":false,"showSkybox":true,"showFlares":true,"showImageEffects":true,"showParticleSystems":true},"in2DMode":false,"pivot":{"x":-11.388427734375,"y":2.1077880859375,"z":39.07087707519531},"rotation":{"x":0.17927908897399903,"y":-0.6255566477775574,"z":0.1506984531879425,"w":0.7441968321800232},"size":1.8783314228057862,"orthographic":true}