{"cameraMode":{"drawMode":0,"name":"Shaded","section":"Shading Mode"},"sceneLighting":false,"audioPlay":false,"sceneViewState":{"showFog":true,"showMaterialUpdate":false,"showSkybox":true,"showFlares":true,"showImageEffects":true,"showParticleSystems":true},"in2DMode":false,"pivot":{"x":-4.699999809265137,"y":2.0,"z":111.94000244140625},"rotation":{"x":-0.18826742470264436,"y":0.8110420107841492,"z":-0.40994176268577578,"w":-0.3724697530269623},"size":2.1747939586639406,"orthographic":false}