{"cameraMode":{"drawMode":0,"name":"Shaded","section":"Shading Mode"},"sceneLighting":false,"audioPlay":false,"sceneViewState":{"showFog":true,"showMaterialUpdate":false,"showSkybox":true,"showFlares":true,"showImageEffects":true,"showParticleSystems":true},"in2DMode":false,"pivot":{"x":22.458858489990236,"y":3.2104196548461916,"z":80.97797393798828},"rotation":{"x":-0.12241771817207337,"y":0.8350233435630798,"z":-0.20646950602531434,"w":-0.4951102137565613},"size":0.690079927444458,"orthographic":true}