{"cameraMode":{"drawMode":0,"name":"Shaded","section":"Shading Mode"},"sceneLighting":false,"audioPlay":false,"sceneViewState":{"showFog":true,"showMaterialUpdate":false,"showSkybox":true,"showFlares":true,"showImageEffects":true,"showParticleSystems":true},"in2DMode":false,"pivot":{"x":1.2590417861938477,"y":16.337034225463868,"z":39.147438049316409},"rotation":{"x":-0.24654923379421235,"y":0.10066324472427368,"z":-0.025754055008292199,"w":-0.9635536670684815},"size":22.0,"orthographic":false}